EosIds, Visits, UplandUserNames
d2xqkl4imdhw, 1, em777
rla1kcg2bie5, 30, None
myzgr2mtvutm, 1, None
aeujs32v32m3, 19, None
go4brwh5yiwk, 2, None
jyj54mzaolx2, 1, None
ohdirhcuoqm2, 4, None
jelk12hspmsb, 1, None
f5o1jnfrp3n1, 1, weezypain
jxgnecvg1gdl, 107, gd1906
cndsqcwn21pc, 1, kevinluxury
yk1rxdpssev3, 1, xaoc777
qibeghnb332z, 95, None
atasxn2kbxjd, 37, None
i4zju3ocrzgy, 1, None
csrouioml4ra, 1, None
iwxrgs2xhzpf, 340, xxxyoxxx
e22v2c2psj5p, 26, None
dgphd44vjwf3, 113, None
xgzunj2ynjsu, 55, juboco
gpemncsiggcd, 9, None
ry1nwbz1r34t, 6, None
pdpy3brkosdf, 3, None
b1hjb3d41bez, 21, None
wwfrv3scoyt4, 124, None
xcx4hcrqhp4u, 204, nijattin
vjcnzwd2u35m, 112, None
h52y3ohaudjj, 1, None
hduwjeip1lpt, 3, None
ydr1uodenm15, 4, anataliocs
bii4axrai412, 15, None
gjbqzmqdts5j, 2, None
a1po3bximbsj, 5, None
dqndbtsuw4ie, 1, None
avznuea5rwnq, 25, None
yqamibsvxtdt, 5, None
lhef5tqeup5y, 6, None
rbivytjdmszq, 110, None
yblcem5sja2b, 3, None
aeuklvuwhmpv, 20, elmairy
yek3vdy2ybcd, 12, None
x4pw51tfqguu, 1, None
ltdh2xa4m3jl, 1, None
chkhlswvpwmq, 3, None
jgctzdrhj5qm, 86, None
l3vobk2cx3jv, 7, None
jtltkpuydmby, 1, None
eqxgxl5gqalt, 54, None
trkwxzi1hlyp, 1, abbienormal
uxs2ieudrz3z, 1, None
srkahqgu5gh4, 10, None
v4w5h3w2wevi, 8, None
er4y3v5ffmdc, 93, None
qydzxz4ruc5g, 3, None
ov2eqv1ltdi1, 7, None
lt3ee5gxdsgq, 82, None
hpwfkfqwjdco, 10, None
lww13a55e1hv, 3, None
xn1svvdlpjnk, 1, None
n33v2bryd35p, 3, None
xkwljxinyphs, 46, None
pcksgmf3ynd1, 104, 0xhash
qkvk33n2pukg, 5, None
vx5dy5s4o55t, 8, None
d5zlpvh1n45x, 33, None
kqdxpyehigqt, 30, None
ksacv1ivlhmm, 1, None
lseaszyufygi, 206, bananobat
lyoxao4eq3e1, 83, None
fe5mozdcwxhp, 7, None
manybg1sg35i, 10, None
ftv2couei5eu, 29, None
av5nb5pv4ehw, 1, None
lfaxv5k3a2jg, 8, None
duscbrkhyyx5, 48, None
detakdakbtrm, 112, None
nymyimml3k1n, 9, None
m1k3jq4qc2fd, 1, None
ybfigvgbkgnu, 5, sourddough
fh54cp2psjkr, 3, None
mevbribf2eqh, 1, None
cf5yle4bux35, 3, None
yishyglzodan, 1, None
dcwfezwk4cap, 2, None
xlsgw4qjmdgd, 6, None
btjgmb41dhcr, 40, None
nkux3ndto5ic, 1, None
fhgfn443ov1c, 1, None
yuaqydyoj5js, 13, None
bjaeue3zdvfv, 3, None
chzjwjr5vflg, 8, None
hrdyudrciob3, 92, None
blxedt54mdoy, 2, terranlore
ulqjmgkygu32, 1, None
dmbb4shorvre, 2, None
utit2zro13e3, 15, None
gnzivqu32hmf, 124, cheesey420
cnst2lqxhprz, 12, None
ybcgselaxorj, 3, None
b5ricy1drxpq, 69, None
dvt3o3d4fdfr, 1, jadedpriest
jinfmubpii1w, 3, None
ge2nsaruwjgs, 1, None
nfsyeqtk3w4m, 3, None
tmfjvn1nqny1, 77, None
qp2dsg3kpzcw, 95, None
ykho2rpjjuab, 12, None
klaorrqhnonc, 3, None
hwnb1q1ssvqx, 264, None
wq3rycyzpwzc, 1, None
dz3f2vi2phvg, 14, None
jsroktiryqqu, 4, None
ruckwz4mcsdh, 14, None
qj2ffyxfcawf, 2, None
o3l5nll1tqyj, 3, None
eg1pq2ds5ade, 1, None
bx4bgvbk24pd, 73, None
bfmk54zhqcra, 1, None
y5qtrqve3m2g, 8, None
xkhnwh5fuhlt, 62, None
grtf35ryuq2a, 7, None
bfyoh1hglahh, 2, None
obtdgc3xtbnb, 3, None
pzsrm2dpirmy, 1, None
uwxsedvm1xxb, 6, None
g5b3fqaqujnb, 1, None
ng1zefoc3k4p, 2, None
zb5tzyi3yuzt, 1, None
gbphaiiyrxve, 1, None
dbmmlfj5pbra, 31, None
suv2p2s2rgtz, 1, None
bmhh23j3asqg, 2, None
koivhtwp2uww, 20, None
n2i5n1vk14fn, 13, None
ys34jppnzwhc, 3, None
o1m12smwkrq4, 3, None
dhvhrnu35jee, 1, None
ccq4ysfigro5, 595, None
fhqkjdxnsm32, 3, None
n53wofwdnghd, 2, bmanfu
a35qhqbahlpv, 11, None
x4dzosbaigku, 3, None
uea3vpteyekt, 8, None
cpu4eouqs1p4, 33, None
ts51xtu123dt, 6, None
pcixdedsmd4y, 5, None
sdxrhlbmonhu, 2, None
jhp2bufz4cx3, 3, None
zjt1xohk2yc4, 10, None
jv1ja3wg1hdy, 6, None
noy4khdlo4gw, 4, None
vfpsr34z2w1d, 6, None
mt55oanqosg4, 178, None
ctgfvlkp2cco, 30, None
ltuzzcg5yqal, 1, None
qkpjx5paiomy, 9, None
ei4mkqjwagph, 5, None
dco5aljh3gmq, 10, None
yg1bva2battd, 1, None
sgqz4btyel2k, 34, None
wnvyepz43mss, 8, None
bv4mmh5ufw3s, 12, None
esw2scfel2fx, 1, None
ules4aasa5lg, 2, None
q4ydat2lfdcp, 3, None
sdfnpjskzgg3, 32, None
ngcm2zhkfdax, 3, None
n3dgpk1so1iu, 5, None
dck3hwuta1zy, 6, None
hllonjgu1zyv, 20, None
adgwxzejacip, 1, None
lbanihjhdt2s, 38, None
eg2z3pbumtcj, 2, None
wo1ohfq5wxhs, 7, None
bvmssuilqvnr, 1, None
xbyqcly1dzd3, 4, None
j2cpfiblikmc, 1, None
gxeqmnlr22to, 1, None
vujcscvdc1ks, 3, None
fc142zvsv3dk, 1, None
rmh2ikwpmt14, 144, None
jocfkmzmmick, 4, None
upcvjtzicdfr, 1, None
u4j3i2cux22r, 64, None
uxkdppcbkmwa, 94, viktorvav99
b1y3zmkr43s3, 21, None
jhwj2xpxp3of, 1, None
yszwr34bs4uw, 33, None
fy2oodns2oda, 1, None
kvtpi4gtr2yr, 6, None
pmixp24cyddq, 33, None
tdhaip2zenpa, 3, None
b2pwoxcxf4id, 1, None
hiwkxfujuizd, 15, None
scvx4rr1c24i, 4, None
vzhuvpo3xyge, 85, None
